source_id,owner,record,url,accessed_date,status,license_reuse,decision_and_next_action
astana_gi_portal,"Astana city government","Geoinformation portal information page","https://www.gov.kz/memleket/entities/astana/activities/15951?lang=ru&parentId=360",2026-09-23,context_only,"No terms published on the page",Confirms advertised display of city and district boundaries and planning materials; request a boundary export with IDs CRS vintage and explicit reuse terms
astana_gis_viewer,"Astana geoinformation center","Experience Builder GIS viewer","https://gis.esaulet.kz/portal/apps/experiencebuilder/experience/?id=b9f6d12fcdc644f6944a96d5c42b915f",2026-09-23,needs_permission,"No layer-specific terms verified",Viewer only; do not copy export or digitize; ask owner for layer metadata and reuse rights
kazakhstan_nsdi,"National Spatial Data Infrastructure","NSDI catalogue","https://map.gov.kz/catalogue/",2026-09-23,needs_permission,"Portal says open geospatial data but no specific boundary resource license verified",No Astana district boundary resource identified in accessible catalogue; locate exact dataset record and terms
astana_passport_2025_02,"Astana city government","City passport as of 2025-02-01","https://www.gov.kz/memleket/entities/astana/documents/details/801996?lang=ru",2026-09-23,context_only,"No geometry included",Reports six districts and areas including Almaty 85.2 km2 and Sarayshyq 69.6 km2; corroboration only
astana_boundary_amendment_2025,"Astana akimat and maslikhat","Joint act amending district formation and boundary act","https://www.adilet.zan.kz/rus/docs/V25AAZ14100",2026-09-23,context_only,"Legal act is not a GIS redistribution license",Retrieve official annex effective date and boundary geometry before constructing a crosswalk
astana_general_plan_2035_original,"Government of Kazakhstan","Resolution No. 33 original General Plan approval","https://adilet.zan.kz/rus/docs/P2400000033",2026-09-23,context_only,"Original plan text replaced in 2026; map reuse terms unverified",Legal history only; use current amended edition for present-day interpretation
astana_general_plan_amendment_2026,"Government of Kazakhstan","Resolution No. 697 replacing plan text","https://adilet.zan.kz/rus/docs/P2600000697",2026-09-23,context_only,"Current legal plan edition identified; map reuse terms unverified",Adopted 2026-08-04 and effective 2026-08-08; use 2035 horizon and 2030 first stage; request approved GIS annex and terms
astana_plan_summary,"Astana architecture and urban-planning authority","Official summary of approved plan","https://www.gov.kz/memleket/entities/astana-saulet/press/news/details/687546?lang=ru",2026-09-23,context_only,"Summary page is not a geometry reuse grant",Explanatory citation only; no spatial data extracted
astana_plan_hearings_album,"Astana city government and public hearing portal","General Plan volume II album","https://hearings.ndbecology.gov.kz/Disscusion/DisHearings/LoadFile/168432",2026-09-23,needs_permission,"No redistribution or georeferencing terms verified",PDF is not machine-readable GIS; request vector layers and map accuracy metadata; do not digitize as authoritative geometry
